epoch,time,train/box_loss,train/cls_loss,train/dfl_loss,metrics/precision(B),metrics/recall(B),metrics/mAP50(B),metrics/mAP50-95(B),val/box_loss,val/cls_loss,val/dfl_loss,lr/pg0,lr/pg1,lr/pg2
1,3.27099,1.46317,2.03568,1.79113,0.63706,0.38757,0.39332,0.29567,1.02116,2.99814,1.29862,0.000545744,0.000545744,0.000545744
2,6.47375,0.89346,0.63234,1.19729,0.08141,0.06942,0.02562,0.01699,3.5311,inf,7.11652,0.00109778,0.00109778,0.00109778
3,9.44054,0.90739,0.58596,1.19716,0.75496,0.81801,0.86618,0.60229,1.08305,1.37368,1.28128,0.00164614,0.00164614,0.00164614
4,12.4255,0.92063,0.53352,1.21059,0.87157,0.9384,0.98873,0.7547,0.86444,1.13322,1.19489,0.0016505,0.0016505,0.0016505
5,15.4104,0.88185,0.50593,1.19453,0.98651,0.98675,0.9946,0.78414,0.84183,0.71577,1.13325,0.001645,0.001645,0.001645
6,18.3962,0.8621,0.46726,1.15452,0.82355,0.6875,0.7505,0.60027,0.89835,1.08324,1.20485,0.00163949,0.00163949,0.00163949
7,21.3486,0.84341,0.45973,1.17772,0.98774,0.90636,0.99036,0.78648,0.81745,0.69948,1.10447,0.00163399,0.00163399,0.00163399
8,24.3316,0.8237,0.43839,1.14188,0.97036,0.99099,0.99446,0.8172,0.77138,0.44905,1.08508,0.00162849,0.00162849,0.00162849
9,27.3096,0.81251,0.43359,1.12952,0.93454,0.91568,0.95788,0.74531,0.8623,0.76891,1.10964,0.00162299,0.00162299,0.00162299
10,30.2629,0.81351,0.42681,1.13962,0.9863,0.96615,0.99252,0.82309,0.70815,0.40017,1.01844,0.00161749,0.00161749,0.00161749
11,33.2578,0.7814,0.42774,1.10409,0.84349,0.58108,0.64927,0.48516,1.15616,1.83391,1.3551,0.00161199,0.00161199,0.00161199
12,36.2043,0.81837,0.4295,1.12342,0.97347,0.98256,0.9946,0.74699,0.97777,0.4867,1.18807,0.00160649,0.00160649,0.00160649
13,39.147,0.77542,0.4188,1.09461,0.54177,0.37268,0.39389,0.26028,1.79012,2.57782,2.06952,0.00160099,0.00160099,0.00160099
14,42.0995,0.7447,0.38427,1.07991,0.99904,0.9955,0.995,0.82522,0.75399,0.35854,1.05037,0.00159549,0.00159549,0.00159549
15,45.0838,0.762,0.38892,1.09383,0.99217,0.9955,0.995,0.80274,0.84298,0.40201,1.09389,0.00158998,0.00158998,0.00158998
16,48.0395,0.75779,0.39372,1.10212,0.99103,0.9955,0.995,0.78746,0.82782,0.41203,1.07905,0.00158448,0.00158448,0.00158448
17,50.9977,0.74162,0.36833,1.06344,0.98554,0.97858,0.99178,0.82745,0.73057,0.39763,1.03875,0.00157898,0.00157898,0.00157898
18,53.9776,0.76711,0.3707,1.09679,0.98994,0.99939,0.99491,0.7746,0.91831,0.39901,1.15052,0.00157348,0.00157348,0.00157348
19,56.9728,0.76121,0.37651,1.08432,0.99856,0.99099,0.995,0.81409,0.75832,0.36426,1.05138,0.00156798,0.00156798,0.00156798
20,59.927,0.73637,0.36826,1.07949,0.9949,0.99944,0.995,0.84478,0.65189,0.32184,0.99234,0.00156248,0.00156248,0.00156248
21,62.9158,0.73341,0.35767,1.07199,0.99408,0.9955,0.99495,0.84443,0.69395,0.3376,1.01056,0.00155698,0.00155698,0.00155698
22,65.8732,0.73189,0.36992,1.06616,0.99602,0.9657,0.99235,0.7811,0.87472,0.41439,1.10218,0.00155148,0.00155148,0.00155148
23,68.8499,0.73335,0.36606,1.07979,0.98829,0.98277,0.99491,0.84394,0.68567,0.3563,1.00554,0.00154598,0.00154598,0.00154598
24,71.8132,0.7309,0.35595,1.07218,1,0.9874,0.99133,0.82782,0.74692,0.38079,1.04782,0.00154047,0.00154047,0.00154047
25,74.7781,0.71659,0.35618,1.06929,0.99566,1,0.995,0.83177,0.68506,0.33023,0.99098,0.00153497,0.00153497,0.00153497
26,77.7344,0.73867,0.36069,1.07809,0.99894,0.9955,0.995,0.82035,0.7663,0.35082,1.03406,0.00152947,0.00152947,0.00152947
27,80.7033,0.72668,0.36159,1.06512,0.9989,0.9955,0.995,0.79659,0.83181,0.35118,1.07199,0.00152397,0.00152397,0.00152397
28,83.6825,0.71576,0.34321,1.05951,0.99615,0.99015,0.995,0.79981,0.88324,0.39237,1.12159,0.00151847,0.00151847,0.00151847
29,86.6468,0.71993,0.34729,1.05487,0.99489,0.99099,0.99495,0.78938,0.81746,0.36132,1.08613,0.00151297,0.00151297,0.00151297
30,89.5985,0.73864,0.35131,1.05856,0.98363,0.95446,0.98939,0.81195,0.78396,0.442,1.07842,0.00150747,0.00150747,0.00150747
31,92.5515,0.70995,0.34305,1.05889,0.99598,0.99881,0.995,0.84204,0.68777,0.31712,0.99732,0.00150197,0.00150197,0.00150197
32,95.5061,0.70834,0.34057,1.05549,0.99678,0.9955,0.995,0.83658,0.74035,0.3291,1.02208,0.00149647,0.00149647,0.00149647
33,98.4656,0.72357,0.34925,1.0488,0.99737,1,0.995,0.81233,0.8312,0.33654,1.07314,0.00149096,0.00149096,0.00149096
34,101.426,0.71553,0.33433,1.04947,0.99909,1,0.995,0.79259,0.88113,0.35695,1.10904,0.00148546,0.00148546,0.00148546
35,104.376,0.70091,0.33023,1.05585,0.9984,1,0.995,0.81711,0.78809,0.32072,1.04113,0.00147996,0.00147996,0.00147996
36,107.334,0.68496,0.31978,1.02668,0.99849,1,0.995,0.82509,0.80533,0.3373,1.04819,0.00147446,0.00147446,0.00147446
37,110.286,0.70499,0.32754,1.05097,0.99884,0.99509,0.995,0.82533,0.77294,0.32639,1.03645,0.00146896,0.00146896,0.00146896
38,113.241,0.70286,0.32803,1.04294,0.999,0.9955,0.995,0.81697,0.80393,0.33378,1.05496,0.00146346,0.00146346,0.00146346
39,116.199,0.70286,0.32623,1.04655,0.99635,0.99934,0.995,0.80136,0.83331,0.32797,1.0712,0.00145796,0.00145796,0.00145796
40,119.146,0.68952,0.31464,1.03136,0.99887,1,0.995,0.82955,0.74174,0.30892,1.01963,0.00145246,0.00145246,0.00145246
41,122.099,0.69254,0.32607,1.05692,0.99866,0.99582,0.995,0.85041,0.66583,0.29943,0.978,0.00144696,0.00144696,0.00144696
42,125.077,0.67781,0.32146,1.03927,0.99857,0.99643,0.995,0.83838,0.69474,0.30686,1.00396,0.00144145,0.00144145,0.00144145
43,128.021,0.71554,0.32768,1.0426,0.98632,0.99195,0.99495,0.83022,0.73984,0.33125,1.02045,0.00143595,0.00143595,0.00143595
44,130.974,0.70686,0.32792,1.03383,0.99318,0.99979,0.995,0.81704,0.77365,0.31039,1.03645,0.00143045,0.00143045,0.00143045
45,133.924,0.69153,0.32027,1.04241,0.99486,0.9955,0.995,0.83181,0.75809,0.31095,1.02971,0.00142495,0.00142495,0.00142495
46,136.868,0.67749,0.3266,1.02309,0.99745,0.9955,0.995,0.81733,0.80222,0.32579,1.06216,0.00141945,0.00141945,0.00141945
47,139.842,0.68055,0.31952,1.02291,0.99367,0.99963,0.99496,0.83712,0.74073,0.30085,1.0152,0.00141395,0.00141395,0.00141395
48,142.807,0.66796,0.3097,1.02928,0.99113,0.95269,0.98942,0.80791,0.77439,0.46137,1.05432,0.00140845,0.00140845,0.00140845
49,145.766,0.68654,0.31345,1.02882,0.99439,0.9955,0.995,0.83992,0.72942,0.3177,1.0098,0.00140295,0.00140295,0.00140295
50,148.714,0.68617,0.31663,1.03904,0.99887,1,0.995,0.85582,0.65247,0.28252,0.979,0.00139745,0.00139745,0.00139745
51,151.705,0.65693,0.31396,1.02238,0.9983,0.99627,0.995,0.85714,0.65298,0.30283,0.98761,0.00139195,0.00139195,0.00139195
52,154.708,0.66617,0.32048,1.01305,0.99336,0.9955,0.99459,0.86416,0.63657,0.30154,0.97715,0.00138644,0.00138644,0.00138644
53,157.693,0.66494,0.30911,1.00867,0.99903,0.9955,0.995,0.84992,0.68117,0.28616,0.99411,0.00138094,0.00138094,0.00138094
54,160.644,0.67874,0.31599,1.03245,0.99163,0.9955,0.99495,0.83301,0.76086,0.31659,1.02832,0.00137544,0.00137544,0.00137544
55,163.597,0.67649,0.31078,1.02711,0.99779,0.99068,0.99495,0.84762,0.73867,0.30418,1.02,0.00136994,0.00136994,0.00136994
56,166.555,0.66079,0.30348,1.02007,0.99866,0.9955,0.995,0.85144,0.68264,0.29024,0.9967,0.00136444,0.00136444,0.00136444
57,169.504,0.66034,0.3064,1.00993,0.99933,0.99508,0.995,0.80405,0.7983,0.33273,1.05048,0.00135894,0.00135894,0.00135894
58,172.451,0.68052,0.31035,1.01792,0.99801,0.99942,0.995,0.82296,0.80073,0.30802,1.03703,0.00135344,0.00135344,0.00135344
59,175.394,0.65849,0.30303,1.01324,0.99925,0.9955,0.995,0.83769,0.72767,0.29538,1.01281,0.00134794,0.00134794,0.00134794
60,178.343,0.65186,0.29342,1.01023,0.9975,0.9955,0.995,0.85452,0.68266,0.28391,0.98797,0.00134244,0.00134244,0.00134244
61,181.294,0.65661,0.30406,1.00832,0.99547,0.9955,0.995,0.83635,0.73924,0.29951,1.02138,0.00133693,0.00133693,0.00133693
62,184.243,0.67358,0.3092,1.01174,0.99625,0.99031,0.995,0.82823,0.76549,0.33804,1.03886,0.00133143,0.00133143,0.00133143
63,187.193,0.65177,0.30645,1.00816,0.99696,0.9955,0.995,0.84387,0.69225,0.29275,0.98957,0.00132593,0.00132593,0.00132593
64,190.142,0.66437,0.3053,1.02511,0.99821,0.99515,0.995,0.8464,0.68792,0.30879,0.9927,0.00132043,0.00132043,0.00132043
65,193.084,0.65214,0.2957,1.01569,0.9987,0.99517,0.995,0.84403,0.7268,0.30174,1.01032,0.00131493,0.00131493,0.00131493
66,196.048,0.63698,0.29028,1.0145,0.99907,0.9955,0.995,0.83109,0.76031,0.30005,1.02835,0.00130943,0.00130943,0.00130943
67,199.001,0.65809,0.30216,1.00496,0.9983,0.9955,0.995,0.81825,0.76954,0.30507,1.03242,0.00130393,0.00130393,0.00130393
68,201.956,0.63936,0.29296,0.9951,0.99909,1,0.995,0.85715,0.68208,0.29712,0.9842,0.00129843,0.00129843,0.00129843
69,204.928,0.66566,0.30507,1.02659,0.99869,0.99529,0.995,0.8433,0.7042,0.3113,1.00978,0.00129293,0.00129293,0.00129293
70,207.893,0.65298,0.29522,1.01808,0.99683,0.99964,0.995,0.84214,0.72507,0.2914,1.002,0.00128742,0.00128742,0.00128742
71,210.865,0.63109,0.28758,0.98937,0.99926,0.9955,0.995,0.84981,0.70383,0.29241,0.99094,0.00128192,0.00128192,0.00128192
72,213.825,0.64605,0.28894,1.01012,0.99942,0.9955,0.995,0.85552,0.67445,0.28112,0.98538,0.00127642,0.00127642,0.00127642
73,216.79,0.6411,0.29443,1.00829,0.99913,0.9955,0.995,0.8526,0.67771,0.30362,0.99455,0.00127092,0.00127092,0.00127092
74,219.774,0.62481,0.28878,0.99153,0.99819,0.9955,0.995,0.85142,0.65657,0.2833,0.98228,0.00126542,0.00126542,0.00126542
75,222.726,0.63586,0.28644,1.01049,0.99817,0.9955,0.995,0.85788,0.68393,0.28845,0.99718,0.00125992,0.00125992,0.00125992
76,225.701,0.63365,0.29287,1.00706,0.99754,0.99959,0.995,0.82899,0.75091,0.28922,1.01492,0.00125442,0.00125442,0.00125442
77,228.652,0.64357,0.2956,0.99646,0.98964,0.99952,0.99496,0.83717,0.73604,0.29789,1.01906,0.00124892,0.00124892,0.00124892
78,231.61,0.64167,0.29195,1.00066,0.99788,0.9955,0.995,0.83718,0.75131,0.29846,1.02953,0.00124342,0.00124342,0.00124342
79,234.572,0.63258,0.28674,0.99553,0.99765,0.99966,0.995,0.84283,0.74523,0.28591,1.0159,0.00123791,0.00123791,0.00123791
80,237.539,0.63747,0.29078,0.99948,0.99098,0.9897,0.99473,0.84823,0.70801,0.30118,1.01408,0.00123241,0.00123241,0.00123241
81,240.505,0.6333,0.2895,1.00046,0.99772,0.9955,0.995,0.84689,0.71148,0.28482,1.00896,0.00122691,0.00122691,0.00122691
82,243.466,0.61836,0.27044,0.98439,0.99482,0.99954,0.995,0.83814,0.73213,0.27984,1.02341,0.00122141,0.00122141,0.00122141
83,246.432,0.63263,0.27607,0.98673,0.99885,0.99579,0.995,0.83336,0.77507,0.28536,1.04196,0.00121591,0.00121591,0.00121591
84,249.393,0.62836,0.28054,1.00092,0.99879,0.99992,0.995,0.82015,0.8155,0.29261,1.06335,0.00121041,0.00121041,0.00121041
85,252.371,0.64091,0.27965,1.00297,0.99854,0.9955,0.995,0.86163,0.63193,0.27867,0.97594,0.00120491,0.00120491,0.00120491
86,255.328,0.63882,0.28809,1.0099,0.99897,0.9955,0.995,0.84546,0.70623,0.28475,0.99817,0.00119941,0.00119941,0.00119941
87,258.302,0.62226,0.28166,0.98674,0.99819,0.9955,0.995,0.84254,0.70957,0.28447,1.01048,0.00119391,0.00119391,0.00119391
88,261.274,0.61029,0.27479,0.97145,0.99923,0.9955,0.995,0.8602,0.67569,0.26929,0.98869,0.0011884,0.0011884,0.0011884
89,264.257,0.62031,0.27855,0.99167,0.99937,0.9955,0.995,0.84877,0.6977,0.28505,1.00347,0.0011829,0.0011829,0.0011829
90,267.21,0.62422,0.27795,0.98918,0.99879,0.9955,0.995,0.85452,0.66438,0.27471,0.98305,0.0011774,0.0011774,0.0011774
91,270.17,0.63035,0.28771,0.98656,0.99939,0.99129,0.995,0.85225,0.67331,0.28591,0.99794,0.0011719,0.0011719,0.0011719
92,273.147,0.60533,0.27678,0.97958,0.99912,0.9955,0.995,0.83639,0.76171,0.30653,1.025,0.0011664,0.0011664,0.0011664
93,276.122,0.63249,0.27984,1.00353,0.99792,0.9955,0.995,0.85218,0.68159,0.28675,0.99235,0.0011609,0.0011609,0.0011609
94,279.127,0.60667,0.26695,0.97156,0.9988,0.98297,0.995,0.84377,0.68361,0.29141,0.9895,0.0011554,0.0011554,0.0011554
95,282.09,0.61611,0.2754,0.98988,0.99931,0.9955,0.995,0.83775,0.72358,0.28761,1.01154,0.0011499,0.0011499,0.0011499
96,285.069,0.61439,0.27697,0.97893,0.99968,0.99587,0.995,0.83251,0.77228,0.2887,1.03405,0.0011444,0.0011444,0.0011444
97,288.025,0.63387,0.27916,0.99451,0.99729,0.99099,0.995,0.84692,0.71459,0.28856,1.01393,0.00113889,0.00113889,0.00113889
98,290.995,0.60596,0.28388,0.99084,0.99392,0.9955,0.995,0.84409,0.68787,0.28936,0.99915,0.00113339,0.00113339,0.00113339
99,293.96,0.61032,0.2705,0.98326,0.99926,0.9955,0.995,0.86416,0.66326,0.2737,0.98709,0.00112789,0.00112789,0.00112789
100,296.955,0.60063,0.27167,0.9814,0.99875,0.9955,0.995,0.84081,0.72293,0.29206,1.02543,0.00112239,0.00112239,0.00112239
101,299.913,0.61816,0.27344,0.98672,0.93752,0.90143,0.95941,0.81814,0.64374,0.41515,0.99275,0.00111689,0.00111689,0.00111689
102,302.889,0.61044,0.27608,0.98043,0.99896,0.9955,0.995,0.85187,0.6903,0.27376,0.99142,0.00111139,0.00111139,0.00111139
103,305.845,0.61826,0.27237,0.97054,0.99934,0.9955,0.995,0.83141,0.77441,0.28766,1.03504,0.00110589,0.00110589,0.00110589
104,308.818,0.61136,0.27581,0.99319,0.99396,0.9955,0.99495,0.85432,0.7121,0.29113,1.00955,0.00110039,0.00110039,0.00110039
105,311.78,0.59302,0.27022,0.98247,0.99895,0.9955,0.995,0.86595,0.64788,0.26879,0.97529,0.00109489,0.00109489,0.00109489
106,314.772,0.59696,0.26554,0.97723,0.99833,0.99478,0.995,0.85542,0.65185,0.27007,0.9939,0.00108938,0.00108938,0.00108938
107,317.734,0.56884,0.2552,0.95226,0.99553,0.99099,0.995,0.86615,0.60939,0.28457,0.96382,0.00108388,0.00108388,0.00108388
108,320.722,0.58028,0.26035,0.9657,0.99858,0.9955,0.995,0.8712,0.63272,0.2588,0.9638,0.00107838,0.00107838,0.00107838
109,323.716,0.58649,0.26055,0.97092,0.99663,0.99019,0.995,0.86516,0.63603,0.28375,0.98412,0.00107288,0.00107288,0.00107288
110,326.67,0.58597,0.27053,0.97061,0.98668,0.97432,0.99382,0.85753,0.65489,0.32197,0.99288,0.00106738,0.00106738,0.00106738
111,329.622,0.57949,0.25989,0.97695,0.99926,0.9955,0.995,0.85336,0.68671,0.26972,0.99706,0.00106188,0.00106188,0.00106188
112,332.578,0.59093,0.26479,0.9714,0.99881,0.9955,0.995,0.86956,0.6124,0.2601,0.97491,0.00105638,0.00105638,0.00105638
113,335.543,0.56888,0.2585,0.95781,0.99882,0.9955,0.995,0.87309,0.58624,0.25078,0.94862,0.00105088,0.00105088,0.00105088
114,338.537,0.56186,0.25375,0.967,0.99884,0.9955,0.995,0.86226,0.66074,0.25748,0.98756,0.00104538,0.00104538,0.00104538
115,341.487,0.57683,0.2676,0.96445,0.99905,0.9955,0.995,0.87838,0.61272,0.26468,0.97519,0.00103987,0.00103987,0.00103987
116,344.471,0.58373,0.26556,0.98012,0.99921,0.98198,0.99473,0.85149,0.65733,0.3009,0.98415,0.00103437,0.00103437,0.00103437
117,347.437,0.57281,0.25969,0.96642,0.98896,0.9955,0.99491,0.85264,0.67824,0.28175,1.00791,0.00102887,0.00102887,0.00102887
118,350.392,0.58147,0.25749,0.97009,0.99936,0.9955,0.995,0.85912,0.65699,0.25625,0.98056,0.00102337,0.00102337,0.00102337
119,353.365,0.56914,0.25788,0.9576,0.98863,0.9955,0.99495,0.8714,0.60527,0.27135,0.9698,0.00101787,0.00101787,0.00101787
120,356.329,0.56877,0.2533,0.95518,0.98472,0.99504,0.99464,0.87874,0.568,0.27096,0.95156,0.00101237,0.00101237,0.00101237
121,359.323,0.57403,0.25715,0.97007,0.99466,0.9955,0.995,0.848,0.68872,0.27229,0.99713,0.00100687,0.00100687,0.00100687
122,362.277,0.5649,0.25238,0.96058,0.99682,0.99968,0.995,0.87481,0.58006,0.2415,0.95786,0.00100137,0.00100137,0.00100137
123,365.245,0.56595,0.25434,0.96625,0.99807,0.9955,0.995,0.85571,0.66272,0.27937,1.00514,0.000995866,0.000995866,0.000995866
124,368.199,0.55525,0.25512,0.96074,0.99398,0.9902,0.99487,0.84777,0.66392,0.27633,0.99614,0.000990365,0.000990365,0.000990365
125,371.173,0.54523,0.25141,0.94382,0.9951,0.99162,0.995,0.87972,0.58588,0.2567,0.95675,0.000984864,0.000984864,0.000984864
126,374.165,0.55175,0.24653,0.95166,0.99277,0.98649,0.99478,0.87029,0.61797,0.27411,0.96573,0.000979362,0.000979362,0.000979362
127,377.141,0.54939,0.24834,0.94377,0.98767,0.98649,0.99416,0.85507,0.61667,0.27899,0.97809,0.000973861,0.000973861,0.000973861
128,380.099,0.54553,0.24904,0.95604,0.99522,0.99322,0.995,0.87829,0.57575,0.2541,0.95221,0.00096836,0.00096836,0.00096836
129,383.061,0.53382,0.24897,0.93497,0.9636,0.98479,0.99359,0.86473,0.58868,0.30519,0.97467,0.000962859,0.000962859,0.000962859
130,386.018,0.54021,0.25282,0.9473,0.99942,0.99528,0.995,0.87851,0.58958,0.25416,0.95698,0.000957358,0.000957358,0.000957358
131,388.975,0.52523,0.24186,0.94682,0.99728,0.98591,0.99495,0.89054,0.54201,0.27312,0.94233,0.000951857,0.000951857,0.000951857
132,391.963,0.51276,0.24001,0.93734,0.99799,0.98157,0.99404,0.87523,0.57432,0.27456,0.94511,0.000946356,0.000946356,0.000946356
133,394.918,0.52468,0.24453,0.93417,0.99442,0.98649,0.99495,0.86973,0.60628,0.27852,0.96786,0.000940855,0.000940855,0.000940855
134,397.875,0.52529,0.24979,0.94215,0.99394,0.9955,0.99491,0.89591,0.53881,0.25108,0.94973,0.000935354,0.000935354,0.000935354
135,400.868,0.52244,0.24513,0.94902,0.99646,0.99503,0.995,0.88679,0.56159,0.25514,0.94759,0.000929853,0.000929853,0.000929853
136,403.835,0.53856,0.2491,0.95827,0.97991,0.9955,0.99491,0.88103,0.56754,0.2756,0.94505,0.000924352,0.000924352,0.000924352
137,406.796,0.50491,0.23665,0.93639,0.99731,0.96847,0.99395,0.88429,0.53504,0.30304,0.93961,0.00091885,0.00091885,0.00091885
138,409.75,0.51005,0.24566,0.92985,0.98647,0.98649,0.99431,0.89145,0.53946,0.27124,0.95091,0.000913349,0.000913349,0.000913349
139,412.703,0.51042,0.24343,0.94165,1,0.99195,0.995,0.89965,0.51089,0.24866,0.9264,0.000907848,0.000907848,0.000907848
140,415.69,0.5029,0.23491,0.93516,0.99951,0.99536,0.995,0.89951,0.51735,0.24442,0.92257,0.000902347,0.000902347,0.000902347
141,418.655,0.4919,0.23286,0.93455,0.99844,0.99967,0.995,0.90047,0.49848,0.22366,0.9222,0.000896846,0.000896846,0.000896846
142,421.646,0.50627,0.23851,0.93979,0.99063,0.98605,0.99496,0.893,0.51923,0.25076,0.92592,0.000891345,0.000891345,0.000891345
143,424.608,0.49101,0.23519,0.92616,0.9984,0.9955,0.995,0.90635,0.50253,0.23389,0.91855,0.000885844,0.000885844,0.000885844
144,427.59,0.50371,0.23368,0.92412,0.99872,0.99579,0.995,0.89301,0.51754,0.22683,0.91826,0.000880343,0.000880343,0.000880343
145,430.557,0.49846,0.23532,0.92657,0.99955,0.9964,0.995,0.9019,0.49977,0.2258,0.9097,0.000874842,0.000874842,0.000874842
146,433.515,0.48125,0.23216,0.92001,0.9791,0.99021,0.99359,0.89527,0.51625,0.27348,0.93777,0.00086934,0.00086934,0.00086934
147,436.465,0.48942,0.23444,0.92811,0.99064,0.99443,0.99495,0.90153,0.47851,0.23913,0.91861,0.000863839,0.000863839,0.000863839
148,439.426,0.50202,0.23678,0.9341,0.99818,0.9955,0.995,0.89048,0.51856,0.23642,0.92569,0.000858338,0.000858338,0.000858338
149,442.379,0.46815,0.22404,0.91124,0.99792,0.99099,0.99495,0.90489,0.49018,0.23551,0.91581,0.000852837,0.000852837,0.000852837
150,445.339,0.48235,0.23181,0.92324,0.99957,0.99465,0.995,0.9041,0.4777,0.22466,0.90761,0.000847336,0.000847336,0.000847336
151,448.306,0.4782,0.22621,0.91577,0.99383,1,0.995,0.9061,0.49727,0.22207,0.91549,0.000841835,0.000841835,0.000841835
152,451.27,0.49033,0.23525,0.93945,0.99914,0.99951,0.995,0.9013,0.48513,0.22993,0.91793,0.000836334,0.000836334,0.000836334
153,454.24,0.49478,0.23469,0.92142,0.99632,0.99099,0.995,0.89919,0.51485,0.25326,0.92551,0.000830833,0.000830833,0.000830833
154,457.211,0.47956,0.22915,0.91537,0.99837,0.99515,0.995,0.89829,0.5022,0.23936,0.91294,0.000825332,0.000825332,0.000825332
155,460.177,0.4554,0.22411,0.89702,0.999,0.9955,0.995,0.90816,0.48089,0.2327,0.9089,0.000819831,0.000819831,0.000819831
156,463.173,0.47352,0.23036,0.91571,0.99355,0.98649,0.99473,0.90144,0.49336,0.2586,0.91291,0.000814329,0.000814329,0.000814329
157,466.13,0.47633,0.22712,0.92218,0.99917,0.99063,0.99491,0.904,0.4833,0.23655,0.90738,0.000808828,0.000808828,0.000808828
158,469.093,0.46645,0.22282,0.91333,0.9994,0.9955,0.995,0.90821,0.47516,0.22229,0.90512,0.000803327,0.000803327,0.000803327
159,472.089,0.45725,0.21916,0.91113,0.99544,0.96539,0.99331,0.90575,0.5027,0.27453,0.9257,0.000797826,0.000797826,0.000797826
160,475.051,0.47699,0.22894,0.92808,0.99648,0.9955,0.995,0.9077,0.48062,0.22941,0.91564,0.000792325,0.000792325,0.000792325
161,478.017,0.46888,0.22213,0.92517,0.99678,0.99966,0.995,0.91164,0.49357,0.21048,0.91111,0.000786824,0.000786824,0.000786824
162,481.002,0.47484,0.22042,0.90851,0.99345,0.9955,0.99495,0.91627,0.45418,0.21594,0.90266,0.000781323,0.000781323,0.000781323
163,483.988,0.47432,0.22388,0.90928,0.99409,0.99099,0.995,0.90373,0.49971,0.24297,0.92185,0.000775822,0.000775822,0.000775822
164,488.014,0.47315,0.22045,0.90933,0.99905,0.9955,0.995,0.90702,0.47592,0.21525,0.91027,0.000770321,0.000770321,0.000770321
165,490.974,0.47167,0.22497,0.91632,0.99483,0.9955,0.99495,0.90565,0.48326,0.21936,0.91256,0.00076482,0.00076482,0.00076482
166,493.923,0.45174,0.21835,0.90376,0.99851,0.9955,0.995,0.90408,0.48448,0.21352,0.91702,0.000759318,0.000759318,0.000759318
167,496.867,0.46008,0.22307,0.91387,0.99698,0.99966,0.995,0.90426,0.46947,0.2159,0.92159,0.000753817,0.000753817,0.000753817
168,499.825,0.43765,0.21491,0.91069,0.99677,0.98708,0.995,0.90991,0.4723,0.23063,0.9132,0.000748316,0.000748316,0.000748316
169,502.788,0.43987,0.21886,0.89799,0.9989,0.9955,0.995,0.91121,0.46213,0.21893,0.90484,0.000742815,0.000742815,0.000742815
170,505.743,0.43659,0.21442,0.90857,0.99948,1,0.995,0.91485,0.45839,0.21089,0.90424,0.000737314,0.000737314,0.000737314
171,508.692,0.43539,0.21334,0.89522,0.995,0.9955,0.995,0.91556,0.44497,0.23015,0.89818,0.000731813,0.000731813,0.000731813
172,511.644,0.44415,0.21918,0.90729,0.99151,1,0.99496,0.9223,0.44426,0.22114,0.89274,0.000726312,0.000726312,0.000726312
173,514.624,0.45143,0.21638,0.90443,0.99685,0.99958,0.995,0.91609,0.46007,0.21627,0.89745,0.000720811,0.000720811,0.000720811
174,517.578,0.4377,0.21337,0.89565,0.99855,1,0.995,0.91275,0.46408,0.21887,0.90305,0.00071531,0.00071531,0.00071531
175,520.527,0.43157,0.21519,0.91528,0.99944,1,0.995,0.91416,0.46904,0.21499,0.91399,0.000709809,0.000709809,0.000709809
176,523.465,0.44192,0.21064,0.90491,0.99801,0.99969,0.995,0.91521,0.4491,0.20714,0.89426,0.000704307,0.000704307,0.000704307
177,526.424,0.41957,0.20673,0.8925,0.99825,0.99976,0.995,0.91986,0.44707,0.2036,0.90917,0.000698806,0.000698806,0.000698806
178,529.379,0.43145,0.20761,0.89804,0.99915,1,0.995,0.9199,0.45249,0.20259,0.8985,0.000693305,0.000693305,0.000693305
179,532.33,0.43701,0.209,0.8991,0.99865,0.99532,0.995,0.91185,0.48327,0.22574,0.91471,0.000687804,0.000687804,0.000687804
180,535.287,0.43436,0.20878,0.90727,0.99731,0.99966,0.995,0.91648,0.45759,0.21222,0.90097,0.000682303,0.000682303,0.000682303
181,538.244,0.43158,0.20723,0.90438,0.99725,0.99969,0.995,0.92634,0.43168,0.20303,0.89309,0.000676802,0.000676802,0.000676802
182,541.218,0.43698,0.21006,0.89677,0.99672,0.9997,0.995,0.92499,0.43795,0.2043,0.89932,0.000671301,0.000671301,0.000671301
183,544.169,0.42586,0.20995,0.88596,0.99905,1,0.995,0.91675,0.45148,0.20121,0.90813,0.0006658,0.0006658,0.0006658
184,547.128,0.42677,0.2081,0.89232,0.99969,0.99582,0.995,0.92438,0.43684,0.20246,0.89715,0.000660299,0.000660299,0.000660299
185,550.121,0.4167,0.2025,0.88445,0.99958,0.99581,0.995,0.92426,0.43672,0.19369,0.89481,0.000654798,0.000654798,0.000654798
186,553.066,0.43181,0.20321,0.88907,0.998,0.99976,0.995,0.91237,0.46058,0.19503,0.90394,0.000649297,0.000649297,0.000649297
187,556.025,0.40524,0.19796,0.88316,0.99972,0.99576,0.995,0.92541,0.44105,0.20286,0.90254,0.000643795,0.000643795,0.000643795
188,558.966,0.41529,0.20017,0.90187,0.99406,0.9955,0.99477,0.9238,0.42996,0.21106,0.8968,0.000638294,0.000638294,0.000638294
189,561.914,0.40645,0.19676,0.87822,0.99388,0.9955,0.99473,0.92014,0.44733,0.21407,0.90552,0.000632793,0.000632793,0.000632793
190,564.862,0.3875,0.19033,0.86221,0.99723,0.9955,0.995,0.91835,0.45832,0.20839,0.91458,0.000627292,0.000627292,0.000627292
191,567.803,0.4004,0.19924,0.88334,0.99944,0.9955,0.995,0.92207,0.45102,0.20668,0.90862,0.000621791,0.000621791,0.000621791
192,570.749,0.40916,0.20257,0.88026,0.99937,0.9955,0.995,0.92226,0.42629,0.19424,0.90277,0.00061629,0.00061629,0.00061629
193,573.692,0.41235,0.20059,0.8774,0.99966,0.99586,0.995,0.91374,0.4525,0.20057,0.91513,0.000610789,0.000610789,0.000610789
194,576.632,0.40414,0.19758,0.88089,0.99899,0.9955,0.995,0.91434,0.45556,0.20994,0.91109,0.000605288,0.000605288,0.000605288
195,579.578,0.42107,0.20048,0.88795,0.99346,0.99099,0.9945,0.91282,0.45444,0.21757,0.90325,0.000599787,0.000599787,0.000599787
196,582.523,0.41729,0.20055,0.88323,0.99829,0.99099,0.99495,0.91874,0.43793,0.20579,0.89773,0.000594286,0.000594286,0.000594286
197,585.472,0.40371,0.19463,0.8843,0.99756,0.9955,0.995,0.91354,0.46119,0.20422,0.90587,0.000588784,0.000588784,0.000588784
198,588.43,0.40367,0.1937,0.88672,0.99579,0.99972,0.995,0.91862,0.43835,0.19934,0.89659,0.000583283,0.000583283,0.000583283
199,591.378,0.40082,0.19526,0.87449,0.99816,0.9955,0.995,0.91924,0.43661,0.20436,0.89717,0.000577782,0.000577782,0.000577782
200,594.324,0.39546,0.19431,0.88313,0.99864,0.99099,0.99495,0.92245,0.44599,0.20631,0.89446,0.000572281,0.000572281,0.000572281
201,597.271,0.39011,0.19157,0.87002,0.9989,0.9955,0.995,0.92554,0.42759,0.19846,0.89235,0.00056678,0.00056678,0.00056678
202,600.22,0.39712,0.19697,0.8806,0.99972,0.99583,0.995,0.91858,0.44661,0.2069,0.90307,0.000561279,0.000561279,0.000561279
203,603.172,0.4002,0.19402,0.87367,0.99953,0.99576,0.995,0.92812,0.41903,0.19605,0.89192,0.000555778,0.000555778,0.000555778
204,606.148,0.4019,0.1953,0.89512,0.99662,0.99968,0.995,0.92155,0.43245,0.19235,0.89581,0.000550277,0.000550277,0.000550277
205,609.097,0.38248,0.18786,0.86264,0.99802,0.9955,0.995,0.92625,0.42733,0.19404,0.89433,0.000544776,0.000544776,0.000544776
206,612.08,0.39136,0.18766,0.8742,0.99301,0.99971,0.995,0.93011,0.43158,0.19036,0.89282,0.000539275,0.000539275,0.000539275
207,615.066,0.39332,0.19142,0.87414,0.99659,1,0.995,0.92057,0.44121,0.19419,0.89761,0.000533773,0.000533773,0.000533773
208,618.038,0.38458,0.18986,0.86787,0.99923,1,0.995,0.91931,0.44164,0.19688,0.89848,0.000528272,0.000528272,0.000528272
209,621.003,0.38585,0.19261,0.87949,0.99901,1,0.995,0.93049,0.42178,0.19496,0.89037,0.000522771,0.000522771,0.000522771
210,624.007,0.37519,0.18846,0.8676,0.99434,1,0.995,0.92489,0.43021,0.19223,0.89493,0.00051727,0.00051727,0.00051727
211,626.969,0.38475,0.19156,0.87328,0.99806,1,0.995,0.92958,0.42751,0.19005,0.89583,0.000511769,0.000511769,0.000511769
212,629.934,0.38911,0.19093,0.88666,0.999,1,0.995,0.92741,0.42099,0.18669,0.89367,0.000506268,0.000506268,0.000506268
213,633.028,0.37551,0.18602,0.85374,0.99898,1,0.995,0.92552,0.4262,0.1914,0.89929,0.000500767,0.000500767,0.000500767
214,635.986,0.39343,0.19,0.88042,0.99894,1,0.995,0.92354,0.42358,0.19728,0.90355,0.000495266,0.000495266,0.000495266
215,638.971,0.38679,0.18717,0.87462,0.99425,1,0.99473,0.91932,0.45105,0.19399,0.90668,0.000489765,0.000489765,0.000489765
216,641.926,0.37961,0.18511,0.86855,0.99915,1,0.995,0.91364,0.4704,0.20034,0.9186,0.000484263,0.000484263,0.000484263
217,644.874,0.38537,0.18917,0.86653,0.99853,1,0.995,0.92638,0.42325,0.19201,0.89696,0.000478762,0.000478762,0.000478762
218,647.827,0.38411,0.1899,0.87242,0.9988,1,0.995,0.92202,0.43528,0.19508,0.90264,0.000473261,0.000473261,0.000473261
219,650.783,0.38099,0.18942,0.86719,0.99891,1,0.995,0.92485,0.41633,0.18865,0.89006,0.00046776,0.00046776,0.00046776
220,653.719,0.38428,0.18677,0.87308,0.99865,1,0.995,0.92774,0.4263,0.18606,0.89638,0.000462259,0.000462259,0.000462259
221,656.697,0.37739,0.18258,0.86968,0.99901,1,0.995,0.93134,0.41113,0.18677,0.88792,0.000456758,0.000456758,0.000456758
222,659.702,0.36301,0.18285,0.86024,0.99889,1,0.995,0.92679,0.43135,0.18899,0.89849,0.000451257,0.000451257,0.000451257
223,662.647,0.35412,0.17823,0.85905,0.99843,1,0.995,0.93261,0.41888,0.18896,0.89769,0.000445756,0.000445756,0.000445756
224,665.63,0.36605,0.1836,0.85698,0.99984,1,0.995,0.93459,0.41253,0.19017,0.8912,0.000440255,0.000440255,0.000440255
225,668.624,0.3621,0.18129,0.85973,1,0.99976,0.995,0.93304,0.41242,0.18741,0.88786,0.000434754,0.000434754,0.000434754
226,671.572,0.3533,0.17658,0.8509,0.99988,1,0.995,0.92669,0.43107,0.18417,0.89554,0.000429253,0.000429253,0.000429253
227,674.512,0.36103,0.17874,0.85927,0.99843,0.99987,0.995,0.92624,0.42435,0.18523,0.89809,0.000423751,0.000423751,0.000423751
228,677.479,0.36198,0.17905,0.85755,0.99968,1,0.995,0.93001,0.40493,0.18114,0.88444,0.00041825,0.00041825,0.00041825
229,680.428,0.36093,0.1801,0.86933,0.99988,1,0.995,0.93023,0.41814,0.18478,0.88864,0.000412749,0.000412749,0.000412749
230,683.382,0.36751,0.18112,0.86962,0.99974,1,0.995,0.92917,0.41354,0.18326,0.88856,0.000407248,0.000407248,0.000407248
231,686.35,0.35883,0.17668,0.86413,0.99974,1,0.995,0.92896,0.41761,0.18487,0.89228,0.000401747,0.000401747,0.000401747
232,689.296,0.35917,0.17873,0.86424,0.99997,1,0.995,0.92796,0.41565,0.17909,0.89177,0.000396246,0.000396246,0.000396246
233,692.259,0.35294,0.17975,0.87038,0.99984,1,0.995,0.92845,0.42083,0.18313,0.89677,0.000390745,0.000390745,0.000390745
234,695.212,0.35098,0.1743,0.85087,0.99925,1,0.995,0.92827,0.41328,0.18178,0.89547,0.000385244,0.000385244,0.000385244
235,698.159,0.35369,0.17632,0.85319,0.99968,1,0.995,0.93465,0.40089,0.1796,0.89162,0.000379743,0.000379743,0.000379743
236,701.141,0.34965,0.1735,0.86182,0.99519,1,0.99473,0.92435,0.4184,0.18421,0.89482,0.000374242,0.000374242,0.000374242
237,704.095,0.34432,0.17228,0.85084,0.99975,0.99969,0.995,0.92434,0.42916,0.18901,0.89806,0.00036874,0.00036874,0.00036874
238,707.037,0.34352,0.1742,0.8504,0.99906,1,0.995,0.92524,0.43147,0.18887,0.8969,0.000363239,0.000363239,0.000363239
239,709.985,0.34786,0.17502,0.84818,0.99908,1,0.995,0.93001,0.41826,0.18213,0.8918,0.000357738,0.000357738,0.000357738
240,712.95,0.34145,0.17302,0.84849,0.99898,0.9997,0.995,0.9219,0.42975,0.18661,0.9007,0.000352237,0.000352237,0.000352237
241,715.919,0.34988,0.17312,0.85584,0.99895,0.99988,0.995,0.92444,0.41588,0.18653,0.89748,0.000346736,0.000346736,0.000346736
242,718.881,0.34051,0.17037,0.85436,0.99882,1,0.995,0.9299,0.41775,0.18372,0.89497,0.000341235,0.000341235,0.000341235
243,721.818,0.34128,0.17104,0.85119,0.99884,1,0.995,0.93196,0.41361,0.18217,0.89598,0.000335734,0.000335734,0.000335734
244,724.77,0.35317,0.17566,0.85754,0.99773,0.99974,0.995,0.92525,0.42316,0.18373,0.89956,0.000330233,0.000330233,0.000330233
245,727.717,0.34718,0.17299,0.8455,0.99786,0.99975,0.995,0.92695,0.41861,0.18068,0.90019,0.000324732,0.000324732,0.000324732
246,730.668,0.34966,0.17214,0.84885,0.99912,1,0.995,0.93236,0.40931,0.17956,0.89095,0.000319231,0.000319231,0.000319231
247,733.609,0.34888,0.17236,0.8547,0.99879,1,0.995,0.9295,0.40695,0.18012,0.89039,0.000313729,0.000313729,0.000313729
248,736.575,0.33565,0.17136,0.84575,0.99913,1,0.995,0.93273,0.40037,0.18037,0.89839,0.000308228,0.000308228,0.000308228
249,739.524,0.34244,0.17386,0.86215,0.99893,1,0.995,0.92867,0.4215,0.19012,0.90169,0.000302727,0.000302727,0.000302727
250,742.476,0.34816,0.1743,0.84784,0.99878,1,0.995,0.92162,0.43713,0.19327,0.91144,0.000297226,0.000297226,0.000297226
251,745.435,0.35418,0.17921,0.85944,0.99758,0.99853,0.995,0.92252,0.43331,0.19072,0.90483,0.000291725,0.000291725,0.000291725
252,748.401,0.34538,0.17312,0.85013,0.99587,0.99964,0.995,0.92948,0.41459,0.19085,0.89459,0.000286224,0.000286224,0.000286224
253,751.347,0.34564,0.17238,0.84793,0.9958,0.99957,0.995,0.93311,0.41082,0.18414,0.89054,0.000280723,0.000280723,0.000280723
254,754.306,0.33919,0.16883,0.84352,0.99599,0.99971,0.995,0.93362,0.40462,0.17821,0.89038,0.000275222,0.000275222,0.000275222
255,757.28,0.34023,0.16526,0.84948,0.99725,0.9997,0.995,0.93064,0.41309,0.17884,0.89707,0.000269721,0.000269721,0.000269721
256,760.221,0.3308,0.16744,0.84849,0.99816,0.99978,0.995,0.93427,0.4135,0.18079,0.89343,0.00026422,0.00026422,0.00026422
257,763.236,0.32596,0.16759,0.84296,0.99807,0.99978,0.995,0.93601,0.41057,0.17952,0.89273,0.000258718,0.000258718,0.000258718
258,766.227,0.32552,0.16694,0.84874,0.99864,0.99995,0.995,0.93564,0.40895,0.18033,0.89196,0.000253217,0.000253217,0.000253217
259,769.173,0.32671,0.16728,0.84497,0.99977,1,0.995,0.93404,0.41002,0.17851,0.89313,0.000247716,0.000247716,0.000247716
260,772.128,0.31873,0.1629,0.83741,0.99908,1,0.995,0.9321,0.40989,0.17647,0.89292,0.000242215,0.000242215,0.000242215
261,775.094,0.32729,0.16199,0.8403,1,0.99993,0.995,0.9324,0.40013,0.17389,0.88607,0.000236714,0.000236714,0.000236714
262,778.174,0.32949,0.16465,0.84815,0.99981,1,0.995,0.92867,0.41228,0.17279,0.89192,0.000231213,0.000231213,0.000231213
263,781.191,0.32441,0.16164,0.84691,0.99977,1,0.995,0.93463,0.40656,0.17077,0.89146,0.000225712,0.000225712,0.000225712
264,784.171,0.31923,0.16425,0.83188,0.99881,1,0.995,0.93181,0.41637,0.16966,0.89614,0.000220211,0.000220211,0.000220211
265,787.126,0.31531,0.16031,0.8409,0.99876,1,0.995,0.93293,0.41021,0.17141,0.89465,0.00021471,0.00021471,0.00021471
266,790.095,0.32643,0.16508,0.84927,0.99976,1,0.995,0.93723,0.40809,0.17313,0.89553,0.000209209,0.000209209,0.000209209
267,793.096,0.32654,0.16309,0.8513,0.99913,1,0.995,0.92846,0.41931,0.17313,0.8999,0.000203707,0.000203707,0.000203707
268,796.061,0.32855,0.16279,0.85152,0.99874,1,0.995,0.93711,0.41001,0.17044,0.90241,0.000198206,0.000198206,0.000198206
269,799.1,0.30421,0.15539,0.83757,0.99981,1,0.995,0.93208,0.41759,0.1717,0.91111,0.000192705,0.000192705,0.000192705
270,802.067,0.31965,0.16085,0.84316,0.99977,1,0.995,0.93028,0.41951,0.17498,0.90692,0.000187204,0.000187204,0.000187204
271,805.028,0.31124,0.15894,0.834,1,1,0.995,0.93261,0.41252,0.17324,0.90092,0.000181703,0.000181703,0.000181703
272,807.976,0.32865,0.1629,0.84668,0.9963,0.99972,0.995,0.9359,0.41473,0.17597,0.90159,0.000176202,0.000176202,0.000176202
273,810.941,0.31461,0.15855,0.84851,0.99996,1,0.995,0.9298,0.42291,0.17465,0.90538,0.000170701,0.000170701,0.000170701
274,813.93,0.31604,0.1575,0.83738,0.99993,1,0.995,0.93173,0.41937,0.1745,0.90531,0.0001652,0.0001652,0.0001652
275,816.948,0.31333,0.15903,0.83832,0.99879,1,0.995,0.93764,0.40604,0.1708,0.90076,0.000159699,0.000159699,0.000159699
276,819.923,0.30663,0.1565,0.83283,0.99836,0.99986,0.995,0.93465,0.41196,0.17511,0.89904,0.000154198,0.000154198,0.000154198
277,822.879,0.30891,0.1584,0.83464,1,0.99998,0.995,0.93085,0.41136,0.17533,0.90051,0.000148696,0.000148696,0.000148696
278,825.829,0.31564,0.16167,0.8365,0.99992,1,0.995,0.93356,0.41672,0.17348,0.90644,0.000143195,0.000143195,0.000143195
279,828.775,0.30256,0.15665,0.8324,0.99887,0.99689,0.995,0.93467,0.39964,0.17184,0.89716,0.000137694,0.000137694,0.000137694
280,831.725,0.31078,0.15694,0.85212,0.99833,0.99983,0.995,0.93593,0.40489,0.1708,0.89578,0.000132193,0.000132193,0.000132193
281,834.674,0.31843,0.15873,0.84806,1,0.99993,0.995,0.93333,0.40284,0.17186,0.89517,0.000126692,0.000126692,0.000126692
282,837.624,0.31312,0.158,0.83762,0.99982,1,0.995,0.93568,0.39906,0.17059,0.89481,0.000121191,0.000121191,0.000121191
283,840.576,0.30716,0.1536,0.83581,0.99977,1,0.995,0.93723,0.40094,0.16852,0.89525,0.00011569,0.00011569,0.00011569
284,843.518,0.31155,0.15378,0.83568,0.99912,1,0.995,0.93745,0.40256,0.17048,0.89673,0.000110189,0.000110189,0.000110189
285,846.494,0.30385,0.1543,0.83523,0.99734,0.99968,0.995,0.93561,0.40373,0.17021,0.89845,0.000104688,0.000104688,0.000104688
286,849.443,0.3088,0.15316,0.83776,0.99742,0.99968,0.995,0.93953,0.40225,0.17102,0.89741,9.91865e-05,9.91865e-05,9.91865e-05
287,852.42,0.30856,0.15359,0.83572,0.99896,1,0.995,0.93647,0.40621,0.17052,0.89689,9.36854e-05,9.36854e-05,9.36854e-05
288,855.364,0.30403,0.15413,0.8376,0.99896,1,0.995,0.93435,0.41171,0.16943,0.90027,8.81843e-05,8.81843e-05,8.81843e-05
289,858.309,0.30191,0.15282,0.83892,0.99903,1,0.995,0.93909,0.40654,0.16824,0.89989,8.26832e-05,8.26832e-05,8.26832e-05
290,861.247,0.30354,0.15439,0.83608,0.99933,1,0.995,0.93784,0.40515,0.16784,0.89963,7.71821e-05,7.71821e-05,7.71821e-05
291,864.493,0.29026,0.14884,0.82542,0.99923,1,0.995,0.93626,0.4038,0.16895,0.89801,7.1681e-05,7.1681e-05,7.1681e-05
292,867.461,0.29531,0.15233,0.83919,0.99912,1,0.995,0.93752,0.39888,0.1684,0.89772,6.61799e-05,6.61799e-05,6.61799e-05
293,870.41,0.28253,0.14684,0.81763,0.99917,1,0.995,0.93654,0.40227,0.16753,0.90029,6.06788e-05,6.06788e-05,6.06788e-05
294,873.352,0.28718,0.14877,0.83486,0.99919,1,0.995,0.93628,0.4032,0.16961,0.90114,5.51777e-05,5.51777e-05,5.51777e-05
295,876.3,0.2985,0.1507,0.83969,0.99903,1,0.995,0.93834,0.4015,0.16865,0.90079,4.96766e-05,4.96766e-05,4.96766e-05
296,879.249,0.2966,0.1512,0.83826,0.99893,1,0.995,0.93694,0.39666,0.16709,0.89996,4.41755e-05,4.41755e-05,4.41755e-05
297,882.226,0.28385,0.14814,0.83432,0.99865,0.99996,0.995,0.93928,0.39663,0.16723,0.89974,3.86744e-05,3.86744e-05,3.86744e-05
298,885.193,0.29594,0.15051,0.83099,0.99879,1,0.995,0.93854,0.39937,0.16891,0.901,3.31733e-05,3.31733e-05,3.31733e-05
299,888.15,0.29904,0.14922,0.83793,0.99891,1,0.995,0.93828,0.39791,0.16809,0.89977,2.76722e-05,2.76722e-05,2.76722e-05
300,891.119,0.28783,0.1479,0.83244,0.99899,1,0.995,0.94002,0.39811,0.16774,0.8993,2.21711e-05,2.21711e-05,2.21711e-05
